bio11111,1,assessment
bio11111,1,quiz
bio11111,2,assessment
bio11111,2,link
bio11111,3,assessment
bio11111,3,quiz
bio11111,3,book
bio11111,3,link
bio11111,4,assessment
bio11111,4,quiz
bio11111,4,LTI
bio11111,4,link
bio11111,5,assessment
bio11111,5,forum
bio11111,5,quiz
bio11111,5,book
bio11111,6,assessment
bio11111,6,quiz
bio11111,6,book
bio11111,6,link
bio11111,7,assessment
bio11111,8,assessment
bio11111,8,wiki
bio11111,8,forum
bio11111,9,quiz
bio11111,9,link
bio11111,9,video
bio11111,10,wiki
chem1111,1,wiki
chem1111,1,forum
chem1111,1,quiz
chem1111,1,link
chem1111,2,assessment
chem1111,2,quiz
chem1111,2,link
chem1111,3,quiz
chem1111,4,assessment
chem1111,4,link
chem1111,5,assessment
chem1111,5,book
chem1111,5,link
chem1111,6,assessment
chem1111,6,wiki
chem1111,6,book
chem1111,6,link
chem1111,7,link
chem1111,8,blog
chem1111,8,assessment
chem1111,8,forum
chem1111,8,link
chem1111,9,assessment
chem1111,9,book
chem1111,9,link
chem1111,10,assessment
phys1111,1,assessment
phys1111,2,wiki
phys1111,2,book
phys1111,3,wiki
phys1111,3,forum
phys1111,3,quiz
phys1111,4,assessment
phys1111,4,wiki
phys1111,4,forum
phys1111,4,link
phys1111,4,video
phys1111,5,LTI
phys1111,6,quiz
phys1111,7,assessment
phys1111,7,quiz
phys1111,7,link
phys1111,8,assessment
phys1111,8,quiz
phys1111,8,link
phys1111,9,quiz
phys1111,9,book
phys1111,9,link
phys1111,10,assessment
phys1111,10,link
socio1111,1,assessment
socio1111,1,link
socio1111,2,assessment
socio1111,2,forum
socio1111,2,link
socio1111,3,assessment
socio1111,3,wiki
socio1111,3,video
socio1111,4,blog
socio1111,4,link
socio1111,5,video
socio1111,6,assessment
socio1111,6,link
socio1111,7,wiki
socio1111,7,link
socio1111,7,scorm
socio1111,8,blog
socio1111,8,assessment
socio1111,8,quiz
socio1111,9,assessment
socio1111,9,forum
socio1111,9,book
socio1111,9,link
socio1111,10,blog
socio1111,10,forum
socio1111,10,link
arts1111,1,quiz
arts1111,2,assessment
arts1111,2,quiz
arts1111,3,wiki
arts1111,3,link
arts1111,4,link
arts1111,5,assessment
arts1111,5,quiz
arts1111,5,link
arts1111,6,assessment
arts1111,6,wiki
arts1111,6,quiz
arts1111,6,book
arts1111,6,link
arts1111,7,assessment
arts1111,7,forum
arts1111,7,quiz
arts1111,7,link
arts1111,7,video
arts1111,8,wiki
arts1111,8,quiz
arts1111,9,blog
arts1111,9,wiki
arts1111,9,link
arts1111,10,assessment
arts1111,10,video
arts1111,10,scorm
hist1111,1,blog
hist1111,1,wiki
hist1111,1,forum
hist1111,1,quiz
hist1111,2,assessment
hist1111,2,link
hist1111,3,assessment
hist1111,3,wiki
hist1111,3,forum
hist1111,4,link
hist1111,5,assessment
hist1111,5,quiz
hist1111,5,LTI
hist1111,5,link
hist1111,5,video
hist1111,6,wiki
hist1111,6,forum
hist1111,6,link
hist1111,7,assessment
hist1111,7,wiki
hist1111,7,quiz
hist1111,7,book
hist1111,8,quiz
hist1111,8,link
hist1111,9,wiki
hist1111,9,forum
hist1111,9,quiz
hist1111,9,link
hist1111,10,assessment
hist1111,10,forum
hist1111,10,LTI
hist1111,10,link
econ1111,1,assessment
econ1111,1,forum
econ1111,2,assessment
econ1111,2,quiz
econ1111,2,book
econ1111,2,link
econ1111,3,assessment
econ1111,3,wiki
econ1111,4,assessment
econ1111,4,quiz
econ1111,4,link
econ1111,5,blog
econ1111,5,assessment
econ1111,5,quiz
econ1111,5,book
econ1111,5,link
econ1111,6,wiki
econ1111,6,quiz
econ1111,6,book
econ1111,6,link
econ1111,7,assessment
econ1111,7,wiki
econ1111,7,quiz
econ1111,7,link
econ1111,7,video
econ1111,8,blog
econ1111,8,assessment
econ1111,8,quiz
econ1111,8,link
econ1111,9,wiki
econ1111,10,blog
econ1111,10,assessment
mgmt1111,1,quiz
mgmt1111,1,link
mgmt1111,2,assessment
mgmt1111,3,wiki
mgmt1111,3,LTI
mgmt1111,4,assessment
mgmt1111,4,LTI
mgmt1111,4,link
mgmt1111,5,quiz
mgmt1111,5,link
mgmt1111,6,assessment
mgmt1111,6,wiki
mgmt1111,6,video
mgmt1111,7,forum
mgmt1111,7,quiz
mgmt1111,8,assessment
mgmt1111,8,wiki
mgmt1111,8,quiz
mgmt1111,8,book
mgmt1111,8,link
mgmt1111,9,quiz
mgmt1111,9,link
mgmt1111,10,assessment
mgmt1111,10,wiki
mgmt1111,10,book
mgmt1111,10,link
mgmt1111,10,video
acct1111,1,LTI
acct1111,1,link
acct1111,2,wiki
acct1111,2,quiz
acct1111,3,blog
acct1111,3,assessment
acct1111,3,wiki
acct1111,3,link
acct1111,4,wiki
acct1111,4,quiz
acct1111,5,blog
acct1111,5,assessment
acct1111,5,wiki
acct1111,5,quiz
acct1111,5,link
acct1111,6,assessment
acct1111,6,quiz
acct1111,6,book
acct1111,6,link
acct1111,6,video
acct1111,7,assessment
acct1111,7,quiz
acct1111,7,video
acct1111,8,assessment
acct1111,8,wiki
acct1111,8,book
acct1111,8,link
acct1111,9,forum
acct1111,10,link
